142635	264690	1
214276	264690	1
217900	264690	1
218845	264690	1
249215	264690	1
257909	264690	1
260941	264690	1
261956	264690	1
262531	264690	1
262870	264690	1
263501	264690	1
263545	264690	1
263980	264690	1
264103	264690	1
264322	264690	1
264341	264690	1
264354	264690	1
264435	264690	1
264439	264690	2
264484	264690	1
264517	264690	1
264528	264690	1
264540	264690	1
264551	264690	1
264564	264690	1
264569	264690	1
264588	264690	1
264590	264690	1
264593	264690	1
264595	264690	1
264615	264690	1
264618	264690	1
264622	264690	2
264625	264690	1
264626	264690	1
264638	264690	1
264640	264690	3
264642	264690	2
264644	264690	2
264646	264690	2
264647	264690	1
264648	264690	1
264649	264690	1
264650	264690	1
264651	264690	1
264653	264690	1
264656	264690	2
264657	264690	1
264660	264690	1
264661	264690	4
264662	264690	1
264663	264690	2
264665	264690	2
264666	264690	5
264667	264690	3
264668	264690	2
264669	264690	4
264670	264690	2
264671	264690	4
264672	264690	2
264673	264690	2
264674	264690	9
264675	264690	2
264676	264690	7
264677	264690	3
264678	264690	8
264679	264690	5
264680	264690	4
264681	264690	12
264682	264690	12
264683	264690	23
264684	264690	25
264685	264690	39
264686	264690	51
264687	264690	84
264688	264690	216
264689	264690	641
251444	251490	1
251457	251490	1
251482	251488	1
251485	251486	2
251483	251484	1
251481	251482	1
251479	251480	1
251477	251478	1
251475	251476	1
251472	251474	1
251471	251472	1
251441	251442	1
251439	251440	1
251427	251428	1
251418	251424	1
251415	251416	1
251336	251402	1
251400	251402	1
251393	251394	1
251383	251384	1
251379	251380	1
251362	251364	1
251363	251364	1
251350	251362	1
251356	251360	1
251351	251358	1
251357	251358	1
251352	251356	1
251349	251350	1
251346	251348	1
251339	251340	1
251332	251334	1
251301	251308	1
251297	251298	1
251159	251262	1
251241	251244	1
251237	251242	1
251205	251210	1
251150	251156	1
251143	251144	1
251126	251130	1
251125	251126	1
251122	251124	1
251123	251124	1
251095	251096	1
251073	251074	1
251059	251060	1
251024	251050	1
251043	251044	1
251022	251030	1
251025	251026	1
251001	251002	1
250985	250986	2
250979	250980	1
250975	250976	1
250968	250972	1
250971	250972	1
250957	250958	1
250955	250956	2
250953	250954	1
250946	250950	1
250943	250944	1
250941	250942	1
250919	250920	1
250899	250900	1
250864	250866	1
250859	250860	1
250830	250832	1
250814	250816	1
250795	250796	1
250781	250782	1
250286	250780	1
250769	250770	1
250740	250754	1
250745	250746	1
250743	250744	1
250727	250728	1
250721	250722	1
250719	250720	1
250713	250718	1
250697	250698	1
250689	250690	1
250667	250668	1
250590	250596	1
250547	250548	1
250519	250534	1
250533	250534	1
250524	250526	1
250475	250520	1
250513	250514	1
250492	250494	1
250435	250438	1
250391	250392	1
250343	250344	1
250285	250286	1
250281	250282	1
250264	250268	1
250080	250082	1
250019	250020	1
249873	249874	1
249551	249554	1
249432	249460	1
249459	249460	1
249421	249422	1
249410	249412	1
249299	249300	1
249267	249268	1
249177	249178	1
249096	249098	1
249086	249090	1
249043	249046	1
249039	249040	1
248875	248876	1
248843	248844	1
248795	248796	1
248793	248794	1
248759	248760	1
248639	248640	1
248557	248558	1
248530	248532	1
248377	248380	1
248235	248236	1
248211	248212	1
247757	247758	1
247611	247614	1
247395	247396	1
247351	247352	1
247201	247206	1
247185	247186	1
246843	246844	1
246485	246486	1
246466	246468	1
246373	246374	1
246309	246324	1
246161	246162	1
246075	246076	1
245929	245930	1
245847	245848	1
245843	245846	1
245775	245776	1
245737	245738	1
245559	245560	1
244438	244440	1
243845	243846	1
234678	234708	1
229063	229064	1
227559	227560	1
216937	216938	1
212586	212588	1
212511	212512	1
208557	208658	1
206833	206834	1
206532	206534	1
202421	202422	1
186092	186094	1
186085	186086	1
180103	180104	1
178554	178566	1
161633	161634	1
160815	160816	1
155317	155318	1
154901	154902	1
151985	151986	1
147279	147280	1
142846	142848	1
140300	140306	1
140301	140304	1
140301	140302	1
140288	140298	1
140294	140298	2
140297	140298	4
140298	140298	1
140295	140296	3
140293	140294	2
140289	140292	1
140290	140292	1
140291	140292	1
140289	140290	4
140285	140288	1
140287	140288	2
140238	140286	1
140284	140286	1
140285	140286	4
140279	140284	1
140283	140284	3
140183	140282	1
140256	140282	1
140279	140282	1
140280	140282	2
140281	140282	6
140188	140280	1
140279	140280	3
140276	140278	1
140277	140278	5
140266	140276	1
140273	140276	1
140274	140276	1
140271	140274	1
140272	140274	4
140273	140274	5
140274	140274	1
140264	140272	1
140268	140272	1
140270	140272	3
140271	140272	3
140268	140270	2
140269	140270	3
140270	140270	2
140255	140268	1
140259	140268	1
140265	140268	2
140267	140268	2
140268	140268	1
140260	140266	1
140262	140266	1
140264	140266	1
140265	140266	3
140263	140264	5
140264	140264	1
140258	140262	1
140260	140262	1
140261	140262	1
140245	140260	1
140251	140260	1
140258	140260	2
140259	140260	2
140251	140258	1
140257	140258	6
140254	140256	1
140255	140256	2
140249	140254	1
140252	140254	1
140253	140254	4
140254	140254	2
140248	140252	2
140251	140252	3
140252	140252	1
140218	140250	1
140246	140250	1
140248	140250	2
140249	140250	2
140250	140250	1
140224	140248	1
140241	140248	1
140246	140248	1
140247	140248	1
139664	140246	1
140221	140246	1
140243	140246	1
140245	140246	2
140242	140244	1
140243	140244	5
140105	140242	1
140238	140242	1
140240	140242	2
140241	140242	6
140242	140242	2
139642	140240	1
140236	140240	1
140238	140240	1
140239	140240	4
140240	140240	1
140232	140238	1
140235	140238	1
140236	140238	2
140237	140238	5
140238	140238	1
140230	140236	1
140231	140236	1
140232	140236	2
140234	140236	2
140235	140236	5
140224	140234	1
140229	140234	1
140231	140234	1
140232	140234	2
140233	140234	6
140230	140232	2
140231	140232	8
140220	140230	1
140225	140230	1
140228	140230	1
140229	140230	4
140230	140230	1
140226	140228	3
140227	140228	2
140159	140226	1
140224	140226	1
140225	140226	6
140226	140226	1
140217	140224	1
140218	140224	1
140220	140224	1
140223	140224	2
140217	140222	1
140220	140222	1
140221	140222	3
140222	140222	2
140208	140220	1
140210	140220	2
140214	140220	1
140216	140220	1
140217	140220	1
140218	140220	1
140219	140220	11
140220	140220	2
140208	140218	1
140216	140218	1
140217	140218	4
140208	140216	1
140211	140216	1
140213	140216	1
140214	140216	2
140215	140216	3
140216	140216	1
140212	140214	4
140213	140214	6
140209	140212	1
140210	140212	3
140211	140212	5
140209	140210	4
140210	140210	1
140196	140208	1
140206	140208	1
140207	140208	2
140208	140208	1
139083	140206	1
140201	140206	1
140202	140206	2
140205	140206	5
140192	140204	1
140199	140204	2
140200	140204	1
140202	140204	1
140203	140204	4
140199	140202	1
140200	140202	3
140201	140202	6
140188	140200	1
140196	140200	1
140199	140200	1
140200	140200	1
140196	140198	1
140197	140198	7
140179	140196	1
140189	140196	1
140192	140196	1
140194	140196	2
140195	140196	1
140196	140196	1
140193	140194	4
140174	140192	1
140187	140192	1
140189	140192	1
140190	140192	1
140191	140192	4
140187	140190	1
140189	140190	4
140185	140188	1
140186	140188	1
140187	140188	2
140188	140188	1
140185	140186	6
140182	140184	1
140183	140184	3
140163	140182	1
140175	140182	1
140179	140182	1
140181	140182	5
140175	140180	1
140177	140180	1
140178	140180	1
140179	140180	2
140158	140178	1
140174	140178	1
140176	140178	2
140177	140178	3
140169	140176	1
140175	140176	3
140121	140174	1
140170	140174	1
140173	140174	4
140174	140174	1
140169	140172	1
140170	140172	1
140171	140172	4
140166	140170	1
140168	140170	1
140169	140170	2
140151	140168	1
140161	140168	1
140165	140168	1
140167	140168	2
140168	140168	1
140165	140166	4
140154	140164	1
140161	140164	1
140162	140164	2
140163	140164	6
140159	140162	1
140160	140162	1
140161	140162	2
140157	140160	1
140159	140160	1
140157	140158	1
140154	140156	1
140156	140156	1
140109	140154	1
140119	140154	1
140149	140154	1
140152	140154	1
140153	140154	4
140124	140152	1
140148	140152	1
140151	140152	1
140139	140150	1
140148	140150	1
140149	140150	3
140146	140148	1
140147	140148	2
140145	140146	2
140134	140144	1
140142	140144	1
140143	140144	2
140139	140142	1
140141	140142	1
140137	140140	1
140139	140140	2
140137	140138	5
140131	140136	1
140133	140136	1
140134	140136	2
140135	140136	5
139865	140134	1
140128	140134	1
140133	140134	2
140126	140132	1
140130	140132	1
140131	140132	4
138323	140130	1
140128	140130	2
140129	140130	3
140126	140128	1
140127	140128	3
140123	140124	2
140116	140122	1
140120	140122	1
140121	140122	3
140118	140120	1
140114	140118	1
140117	140118	2
140112	140114	2
140113	140114	1
140087	140112	1
140105	140112	1
140112	140112	1
140108	140110	1
140109	140110	2
140105	140108	1
140105	140106	1
140095	140104	1
140102	140104	1
140020	140102	1
140101	140102	2
140099	140100	2
140096	140098	1
140097	140098	3
140095	140096	1
140091	140094	1
140093	140094	2
140091	140092	1
140088	140090	1
140089	140090	1
140084	140088	1
140087	140088	2
140088	140088	1
140082	140086	1
139410	140084	1
140083	140084	1
140075	140082	1
140077	140082	1
140081	140082	1
140076	140080	1
140079	140080	1
140075	140076	1
140073	140074	1
139971	140072	1
140067	140072	1
140071	140072	1
140072	140072	1
140069	140070	1
140070	140070	1
140053	140068	1
140065	140068	1
140066	140068	1
140067	140068	1
140056	140066	1
140065	140066	2
140060	140064	1
140062	140064	2
140063	140064	1
140051	140058	1
140056	140058	1
140057	140058	2
140055	140056	1
140053	140054	1
140054	140054	1
140046	140048	1
140039	140046	1
140045	140046	2
140042	140044	1
140039	140040	2
140033	140034	2
140026	140032	1
140031	140032	1
140029	140030	1
140024	140028	1
140027	140028	2
139896	140026	1
140025	140026	1
140022	140024	1
140023	140024	3
140021	140022	1
140013	140016	1
140014	140016	1
140015	140016	4
140012	140014	1
140013	140014	1
140011	140012	1
140009	140010	1
140007	140008	2
140006	140006	1
140002	140004	1
140003	140004	3
139997	139998	5
139993	139994	1
139987	139990	1
139985	139986	1
139983	139984	1
139956	139980	1
139979	139980	1
139977	139978	1
139971	139972	1
139969	139970	2
139963	139968	1
139967	139968	4
139948	139964	1
139960	139964	1
139312	139956	1
139953	139954	2
139945	139950	1
139948	139950	1
139947	139948	1
139939	139944	1
139939	139942	1
139941	139942	1
139937	139938	1
115674	139936	1
139934	139936	1
139931	139932	2
139920	139922	1
139921	139922	2
139909	139914	1
139900	139902	1
139901	139902	1
139897	139898	1
139898	139898	1
139895	139896	1
139896	139896	1
139892	139894	1
139890	139892	1
139881	139884	1
139882	139884	1
139876	139880	1
139875	139876	1
139872	139874	1
139869	139870	1
139867	139868	1
139868	139868	1
139611	139864	1
139849	139852	1
139847	139850	1
139843	139844	1
139840	139842	1
139841	139842	1
139809	139830	1
139828	139830	1
139825	139826	1
139815	139816	1
139811	139814	1
139803	139804	1
139797	139798	1
139791	139792	1
139787	139790	1
139785	139786	2
139783	139784	1
139777	139778	1
139757	139758	1
139753	139754	1
139733	139734	1
139730	139732	2
139722	139722	1
139712	139716	1
139712	139714	1
139708	139710	1
139707	139708	1
139708	139708	1
112517	139702	1
139699	139700	2
139689	139690	1
139687	139688	1
139681	139682	1
139682	139682	1
139665	139666	1
139642	139664	1
139659	139660	1
139654	139654	1
139640	139646	1
138329	139644	1
139643	139644	1
139633	139642	1
139639	139640	2
139635	139636	1
139625	139626	1
139613	139624	1
139623	139624	1
139613	139618	1
139617	139618	1
139607	139610	1
139598	139606	1
139587	139590	1
139581	139582	1
139577	139578	1
139560	139562	1
139553	139554	1
139544	139544	1
139539	139540	1
139540	139540	1
139520	139532	1
139528	139530	1
139513	139514	1
139503	139504	1
139494	139500	1
139497	139498	1
139487	139488	1
139465	139476	1
139471	139472	1
139452	139458	1
139451	139452	1
139446	139448	1
139447	139448	1
139445	139446	1
139443	139444	1
139440	139442	1
139399	139428	1
139406	139428	1
139425	139426	1
138835	139424	1
139408	139408	1
139399	139400	1
139395	139396	1
139385	139386	1
139373	139374	1
139372	139372	1
139332	139366	1
139353	139354	1
139305	139306	1
139293	139294	1
139267	139292	1
139282	139284	1
139253	139266	1
139219	139220	1
139200	139204	1
139181	139200	1
139185	139186	1
139123	139124	1
139121	139122	1
139071	139112	1
139081	139088	1
139037	139038	1
139015	139018	1
138998	139002	1
138965	138966	1
138925	138926	1
138871	138880	1
138843	138844	1
138835	138836	1
138829	138830	1
138793	138794	1
138759	138788	1
138777	138782	1
138765	138766	1
138634	138720	1
138715	138716	1
138687	138696	1
138683	138684	1
138676	138676	1
138654	138656	2
138643	138646	1
138619	138620	1
138615	138616	1
138609	138610	1
138607	138608	2
138589	138590	2
138549	138550	1
138505	138518	1
138517	138518	1
138506	138508	2
138507	138508	1
138503	138504	1
138493	138496	1
138495	138496	1
138434	138488	1
138483	138484	1
138479	138480	1
138471	138472	1
138443	138444	1
138435	138436	1
138384	138386	1
138357	138362	1
138301	138302	1
138292	138298	1
138264	138266	1
138241	138242	1
138230	138232	1
138165	138166	1
138111	138112	1
138074	138102	1
138020	138022	1
138013	138014	1
138014	138014	1
137993	137994	1
137946	137948	1
137868	137880	1
137874	137876	1
137765	137804	1
137782	137788	1
137779	137780	1
137777	137778	1
137768	137772	1
137703	137704	1
137674	137674	1
137669	137670	1
137640	137642	1
137632	137634	1
137625	137626	1
137619	137622	1
137558	137564	1
137499	137500	1
137479	137480	1
137480	137480	1
137401	137402	2
137396	137398	1
137317	137318	1
137256	137258	1
137178	137180	1
137077	137078	1
137057	137060	1
137005	137006	1
136991	136994	1
136952	136952	1
136849	136850	1
136805	136806	1
136792	136804	1
136779	136780	1
136767	136768	1
136754	136754	1
136743	136744	1
136732	136742	1
136739	136742	1
136730	136732	1
136705	136706	1
136697	136698	1
136535	136536	1
136527	136528	1
136459	136460	1
136433	136434	1
136358	136360	1
136359	136360	1
136337	136340	1
136243	136244	1
136014	136016	1
136011	136012	1
135999	136000	1
135972	135974	1
135929	135930	1
135878	135878	1
135803	135808	1
135807	135808	1
135754	135756	1
135687	135688	1
135667	135668	1
135655	135656	1
135637	135638	1
135622	135624	1
135606	135610	1
135599	135600	1
135507	135508	1
135506	135506	1
135469	135470	1
135140	135460	1
135457	135458	2
135402	135402	1
135393	135398	1
135313	135314	1
135307	135308	1
135297	135300	1
135297	135298	1
135240	135284	1
135227	135236	1
135219	135220	1
135133	135134	1
135087	135128	1
135043	135046	1
135045	135046	1
135015	135016	1
134981	134998	1
134889	134890	1
134881	134882	1
134816	134818	1
134806	134806	1
134765	134766	1
134760	134762	1
134751	134754	1
134753	134754	1
134729	134730	1
134724	134726	1
134725	134726	1
134706	134710	1
134668	134670	1
134662	134666	1
134623	134624	1
134600	134602	1
134574	134576	1
134555	134558	1
134525	134540	1
134539	134540	1
134512	134516	1
134510	134512	1
134511	134512	1
134493	134494	1
134444	134450	1
134433	134434	2
134366	134372	1
134363	134364	1
134290	134292	1
134259	134260	2
134206	134234	1
134227	134230	1
134140	134142	1
134099	134100	1
134081	134082	1
134069	134070	1
134035	134040	1
134035	134036	1
134032	134034	1
134002	134006	1
133998	134000	1
133979	133980	1
133883	133886	1
133881	133882	1
133878	133878	1
133875	133876	1
133789	133790	1
133774	133776	1
133770	133770	1
133639	133644	1
133343	133642	1
133587	133588	1
133551	133552	1
133441	133442	1
133375	133376	1
133337	133338	1
133291	133294	1
133214	133216	1
133161	133162	1
133140	133142	1
132920	132924	1
132830	132832	1
132791	132796	1
132752	132754	1
132718	132720	1
132552	132556	1
132508	132510	1
132390	132428	1
132269	132344	1
132329	132330	1
132283	132284	1
132263	132264	1
132167	132168	1
132165	132166	1
131945	131946	1
131828	131830	1
131640	131662	1
131605	131606	1
131359	131360	1
131272	131274	1
131268	131272	1
131156	131158	1
130945	130948	1
130886	130912	1
130701	130702	1
130664	130668	1
130483	130486	1
130401	130402	1
130282	130284	1
130283	130284	1
130249	130250	1
129877	129880	1
129555	129556	1
129383	129542	1
129286	129288	1
129167	129168	1
129155	129156	1
128961	128980	1
128855	128856	1
128815	128848	1
128457	128458	1
128258	128266	1
128045	128046	1
127951	127954	1
127773	127774	1
127681	127682	1
127593	127594	1
127469	127490	1
126994	126996	1
126864	126866	1
126835	126838	1
126764	126766	1
126592	126594	1
126070	126072	1
126027	126028	1
125618	125620	1
125441	125442	1
124378	124382	1
124088	124088	1
123775	123784	1
123681	123682	1
122991	122992	1
122489	122494	1
121852	121854	1
121342	121366	1
121354	121366	1
121364	121366	1
121363	121364	1
121361	121362	3
121351	121352	1
121348	121350	1
121337	121338	1
121327	121328	1
121293	121294	1
121285	121286	1
121265	121266	1
121253	121254	1
121219	121248	1
121217	121218	1
121208	121212	1
121203	121208	1
121154	121156	1
121063	121064	1
121026	121028	1
121013	121014	1
120991	120992	1
120942	120974	1
120938	120940	1
120937	120938	1
120931	120932	1
120917	120918	1
120908	120910	1
120889	120890	1
120879	120882	1
120879	120880	1
120877	120878	1
120873	120874	1
120850	120852	1
120817	120826	1
120822	120824	1
118914	120784	1
120743	120744	1
120721	120722	1
120713	120714	1
120700	120702	1
120639	120640	1
120625	120626	1
120508	120534	1
120517	120522	1
120503	120504	1
120485	120486	1
120409	120410	1
120341	120342	1
120043	120336	1
120329	120330	1
120292	120294	1
120279	120280	1
120253	120276	1
120269	120270	1
120183	120184	1
120171	120174	1
120147	120148	1
120092	120098	1
120031	120032	1
120011	120012	1
119987	120000	1
119999	120000	1
119953	119960	1
119912	119914	1
119852	119854	1
119823	119826	1
119820	119822	1
119737	119738	1
119703	119704	1
119571	119574	1
119527	119528	1
119517	119518	1
119437	119438	1
119235	119236	1
119183	119192	1
119095	119104	1
119102	119104	1
119079	119090	1
119025	119026	1
119013	119014	1
119002	119004	1
118941	118942	1
118937	118938	1
118919	118920	1
118685	118686	1
118649	118650	1
118467	118468	1
118295	118300	1
118299	118300	1
118118	118122	1
118083	118084	1
118011	118012	1
117949	117958	1
117781	117782	1
117759	117760	1
117751	117754	1
117729	117730	1
117265	117268	1
116491	116492	1
116080	116082	1
116009	116010	1
113938	113940	1
113333	113336	1
112049	112050	1
111465	111466	1
111279	111280	1
111103	111104	1
111035	111036	1
110878	110880	1
109725	109726	2
109423	109424	1
109179	109182	1
109175	109176	1
107951	107952	1
107459	107466	1
106829	106830	1
106559	106560	1
105215	105240	1
104767	104768	1
104308	104310	1
102229	102230	1
101877	101878	1
101363	101364	1
101262	101264	1
99795	99796	1
99659	99660	1
99061	99062	1
96578	96580	1
95299	95302	1
91061	91062	1
88412	88412	1
86745	86746	1
81561	81572	1
81571	81572	1
80629	80644	1
78696	78696	2
78694	78694	1
78690	78692	1
78680	78682	1
78669	78670	1
66455	78638	1
77921	77922	1
77247	77248	1
76821	76822	1
76808	76808	1
76521	76532	1
76176	76180	1
76115	76132	1
73881	73900	1
73553	73554	1
73445	73446	1
72990	73010	1
72991	72992	1
72782	72812	1
72221	72224	1
70979	70982	1
67989	67990	1
66765	66766	2
65910	65910	1
64203	64204	1
64037	64038	1
64033	64034	1
62981	62992	1
62990	62992	1
62023	62024	1
60927	60928	2
60372	60374	2
58229	58382	1
57609	57610	2
56978	56978	1
55515	55516	1
49985	49986	1
49592	49592	1
48852	48862	1
47621	47622	1
44772	44790	1
44418	44420	1
44269	44274	1
44095	44096	1
42832	42832	1
41150	41194	1
40408	40408	1
36475	36476	1
35085	35546	1
35427	35432	1
35430	35432	1
35431	35432	2
35432	35432	1
35428	35430	1
35418	35420	1
35389	35390	1
35361	35364	1
35331	35332	1
35281	35282	1
32037	32038	1
32031	32032	1
32021	32022	1
31781	31782	1
31352	31352	1
30339	30344	1
29791	29792	1
28335	28422	1
14298	28258	1
24883	28258	1
25729	28258	1
26053	28258	1
27334	28258	1
27948	28258	1
28102	28258	1
28105	28258	1
28153	28258	1
28167	28258	1
28185	28258	1
28204	28258	1
28217	28258	1
28218	28258	1
28235	28258	1
28236	28258	1
28240	28258	1
28241	28258	1
28243	28258	1
28245	28258	1
28246	28258	5
28249	28258	3
28250	28258	1
28251	28258	4
28252	28258	3
28253	28258	4
28254	28258	5
28255	28258	15
28256	28258	19
28257	28258	79
27524	28256	1
28154	28256	1
28223	28256	1
28240	28256	1
28247	28256	1
28249	28256	1
28255	28256	8
22678	28254	1
27992	28254	1
28243	28254	1
28251	28254	1
28253	28254	2
27834	28252	1
28241	28252	1
28251	28252	3
28247	28248	1
28245	28246	2
28240	28242	1
28241	28242	1
28239	28240	3
28237	28238	1
28235	28236	1
28230	28232	1
28227	28228	1
28225	28226	3
28155	28224	1
28221	28224	2
28213	28214	1
28205	28206	1
28165	28204	1
28201	28202	1
28190	28194	1
28190	28192	1
28170	28188	1
28187	28188	1
28134	28186	1
28179	28180	1
28175	28178	1
28171	28174	1
28169	28170	1
28164	28168	1
28141	28160	1
28159	28160	1
28151	28152	1
28149	28150	1
28113	28128	1
28127	28128	1
28101	28126	1
28086	28096	1
28094	28096	1
28088	28088	1
27981	27996	1
27967	27968	1
27806	27854	1
27816	27822	1
27618	27618	1
27487	27508	1
27458	27480	1
27364	27364	1
27169	27170	1
26903	26922	1
26760	26764	1
26343	26476	1
23467	24192	1
23893	23898	1
23897	23898	1
23036	23038	1
23037	23038	1
23035	23036	1
23028	23032	1
23027	23028	1
22844	22886	1
18102	22638	1
22547	22548	1
20994	22452	1
21461	21496	1
21381	21382	1
21351	21352	1
21243	21244	1
20043	20044	1
20013	20014	1
19554	19756	1
19666	19668	1
19667	19668	2
19547	19548	1
19524	19532	1
19131	19132	1
18840	18890	1
18877	18890	1
18887	18888	1
18848	18854	1
18626	18626	1
15028	18520	1
18501	18520	1
18517	18520	1
18518	18520	3
18519	18520	6
18515	18516	1
18357	18514	1
18496	18508	1
18360	18458	1
18360	18406	1
18220	18222	1
18122	18134	1
17143	17144	1
16718	17114	1
8467	16760	1
13410	16760	1
14733	16760	1
15298	16760	1
15495	16760	1
16215	16760	1
16586	16760	1
16645	16760	1
16673	16760	1
16701	16760	1
16714	16760	1
16724	16760	1
16745	16760	1
16748	16760	2
16749	16760	2
16750	16760	1
16751	16760	1
16752	16760	4
16755	16760	3
16756	16760	7
16757	16760	11
16758	16760	11
16759	16760	60
16590	16758	1
16725	16758	1
16738	16758	1
16750	16758	1
16754	16758	1
16756	16758	1
16757	16758	5
16310	16756	1
16749	16756	1
16750	16756	1
16753	16756	1
16754	16756	1
16755	16756	4
16743	16754	1
16747	16754	1
16753	16754	6
16743	16752	1
16750	16752	2
16749	16750	1
16746	16748	1
16738	16746	1
16739	16746	1
16745	16746	3
16743	16744	1
16731	16740	1
16677	16724	1
16706	16712	1
16671	16674	1
16617	16618	1
16147	16332	1
16331	16332	2
16329	16330	1
16326	16328	1
16313	16324	1
16315	16320	1
16271	16288	1
16070	16204	1
16123	16124	1
15287	16072	1
15801	15864	1
15841	15848	1
15482	15644	2
15147	15150	1
15148	15150	3
15149	15150	8
15029	15084	1
15057	15084	1
14710	14710	1
13146	14656	2
14381	14420	1
14396	14420	1
14402	14420	1
14409	14420	1
14412	14420	1
14414	14420	2
14417	14420	1
14418	14420	1
14417	14418	1
14418	14418	1
14416	14416	1
14410	14414	1
14411	14412	1
14410	14410	1
14324	14326	1
14300	14300	1
14086	14086	1
14042	14050	1
14043	14050	1
14046	14050	1
14047	14050	9
14048	14050	14
14049	14050	99
14050	14050	692
14047	14048	1
14048	14048	34
14046	14046	10
14044	14044	5
14042	14042	2
14040	14040	2
14031	14036	1
14028	14028	1
14026	14026	1
14002	14008	1
13990	13990	1
12668	13843	1
13456	13810	1
13528	13528	1
13522	13524	1
13523	13524	1
13466	13470	1
13247	13250	1
12853	13006	1
12900	13006	1
13001	13006	1
13004	13006	4
13005	13006	9
13002	13004	1
13003	13004	3
13001	13002	2
12993	12998	1
12866	12874	1
12629	12632	1
11075	12202	1
9337	11862	1
10892	11862	1
11321	11862	1
11847	11862	1
11854	11862	3
11859	11862	1
11860	11862	4
11861	11862	11
11862	11862	140
11859	11860	1
11860	11860	1
11858	11858	1
11855	11856	1
11836	11836	1
11824	11824	1
11822	11822	1
11788	11788	1
11774	11774	1
11766	11766	1
11747	11748	1
11183	11498	1
11380	11404	1
11234	11234	2
11136	11136	1
11088	11088	3
11049	11050	1
10964	10964	1
10540	10950	1
10830	10830	1
10678	10680	1
10679	10680	22
10680	10680	773
10678	10678	3
10468	10476	1
10476	10476	1
6947	10432	1
10373	10374	1
10362	10362	1
8833	9800	1
9633	9760	1
8987	8988	2
8983	8984	1
8924	8926	1
8925	8926	1
8825	8826	1
8463	8472	1
7882	7884	1
7385	7392	1
7056	7058	1
3186	6404	1
5251	6404	1
5257	6404	1
5314	6404	1
6239	6404	1
6252	6404	1
6348	6404	1
6360	6404	1
6366	6404	1
6368	6404	1
6369	6404	1
6371	6404	1
6378	6404	1
6379	6404	1
6385	6404	1
6387	6404	1
6388	6404	1
6389	6404	1
6390	6404	1
6393	6404	1
6394	6404	2
6397	6404	1
6398	6404	1
6399	6404	5
6400	6404	2
6401	6404	7
6402	6404	36
6403	6404	101
6261	6394	1
6197	6198	1
2431	6136	1
5921	5922	1
5023	5054	1
2460	5008	1
3607	5008	1
4077	5008	1
4112	5008	1
4160	5008	1
4869	5008	1
4898	5008	1
4966	5008	1
4969	5008	1
4975	5008	1
4980	5008	1
4981	5008	2
4986	5008	1
4990	5008	1
4995	5008	3
4997	5008	1
5001	5008	1
5002	5008	1
5003	5008	4
5005	5008	3
5006	5008	9
5007	5008	58
4773	4946	1
4567	4936	1
4714	4796	1
4685	4690	1
4513	4514	1
4487	4488	1
2226	4480	1
4389	4480	1
4431	4480	1
4438	4480	1
4469	4480	1
4470	4480	2
4473	4480	1
4475	4480	2
4477	4480	1
4478	4480	7
4479	4480	28
3491	4478	1
4467	4478	1
4463	4476	1
4475	4476	1
4203	4472	1
4468	4470	1
4469	4470	10
4459	4469	1
4467	4468	1
4462	4466	1
4459	4460	1
4454	4458	1
4457	4458	1
4438	4448	1
4426	4438	1
4423	4436	1
4338	4394	1
4267	4352	1
4201	4202	1
2004	3854	1
2923	3854	1
3070	3854	1
3125	3854	1
3595	3854	1
3786	3854	1
3807	3854	1
3847	3854	2
3849	3854	1
3851	3854	2
3852	3854	2
3853	3854	11
3854	3854	9
3842	3844	1
1927	3708	1
2838	3708	1
2934	3708	1
3007	3708	1
3480	3708	1
3631	3708	1
3645	3708	1
3699	3708	1
3705	3708	1
3706	3708	3
3707	3708	13
3708	3708	9
3454	3454	1
2952	2954	1
2921	2930	1
1389	2926	1
2527	2922	1
2625	2922	1
2875	2922	1
2897	2922	1
2898	2922	1
2912	2922	1
2915	2922	1
2919	2922	3
2920	2922	2
2921	2922	15
2922	2922	1
2630	2920	1
2918	2920	1
2919	2920	6
2917	2918	1
2662	2916	1
2915	2916	1
2901	2914	1
2891	2896	1
2895	2896	1
2893	2894	1
2763	2874	1
2756	2864	1
2772	2862	1
2848	2850	1
2831	2832	1
2814	2816	1
2151	2806	1
2801	2802	1
2796	2798	1
2779	2786	1
2737	2784	1
2758	2778	1
2775	2778	1
2749	2774	1
2765	2768	1
2758	2760	1
2702	2750	1
2531	2748	1
2569	2746	1
2709	2744	1
2434	2740	1
2685	2736	1
2616	2698	1
2653	2698	1
2697	2698	1
2693	2694	1
2547	2692	1
2688	2692	1
2593	2686	1
2432	2684	1
2637	2670	1
2226	2656	1
2189	2622	1
2562	2612	1
1983	2604	1
2563	2598	1
2541	2582	1
2558	2582	1
2550	2576	1
2550	2554	1
2491	2534	1
2465	2526	1
2475	2512	1
2379	2476	1
2428	2474	1
2321	2432	1
2375	2408	1
2362	2402	1
2214	2244	1
2115	2168	1
2129	2148	1
2097	2114	1
2088	2090	1
2052	2076	1
2008	2060	1
2007	2018	1
1982	2016	1
1944	1976	1
1967	1974	1
1945	1972	1
1927	1958	1
1908	1950	1
1854	1888	1
1850	1874	1
1532	1832	1
1544	1832	1
1632	1832	1
1781	1832	1
1806	1832	1
1817	1832	1
1820	1832	1
1828	1832	1
1829	1832	4
1830	1832	4
1831	1832	20
1823	1830	1
1826	1828	1
1812	1814	1
1813	1814	2
1735	1812	1
823	1808	1
1805	1806	2
1794	1796	1
1786	1790	1
1789	1790	1
1787	1788	1
1763	1764	1
1669	1758	1
1728	1758	1
1757	1758	1
1758	1758	3
1753	1756	1
1746	1754	1
1750	1754	1
1095	1752	1
1737	1752	1
1748	1752	1
1743	1744	1
1741	1742	1
1742	1742	1
1737	1740	1
1733	1734	1
1345	1346	1
1182	1182	1
1154	1154	1
764	1132	1
1101	1108	1
789	998	1
812	998	1
938	998	1
974	998	1
983	998	1
991	998	1
992	998	1
996	998	1
997	998	8
773	840	1
751	766	1
660	660	3
282	600	1
482	600	1
483	600	1
488	600	1
539	600	1
581	600	1
588	600	1
597	600	1
598	600	3
599	600	4
373	596	1
528	534	1
533	534	3
482	484	1
129	450	1
370	370	2
300	304	1
104	216	1
106	216	1
172	216	1
176	216	1
197	216	1
212	216	1
214	216	5
215	216	15
204	214	1
210	214	1
213	214	2
209	212	1
210	212	1
211	212	2
169	210	1
182	208	1
68	188	1
186	186	1
70	178	1
175	176	1
81	170	1
41	82	1
39	78	1
14	44	1
20	40	1
21	40	1
33	40	1
36	40	1
39	40	4
36	38	1
17	34	1
25	34	1
14	32	1
16	32	1
1	30	1
15	30	1
14	28	1
28	28	1
9	22	1
9	18	1
5	14	1
6	12	3
5	10	1
3	8	1
4	8	8
3	6	4
2	4	12
0	2	1
1	2	48
2	2	2
